<?xml version="1.0" encoding="utf-8"?>
<extension
        type="component"
        version="3.0"
        method="upgrade">

    <name>com_one</name>
    <author>Paul Delbar</author>
    <creationDate>2015-08</creationDate>
    <copyright>Copyright (C) 2015 Paul Delbar. All rights reserved.</copyright>
    <license>http://www.gnu.org/licenses/gpl-2.0.html GNU/GPL</license>
    <authorEmail>paul.delbar@gmail.com</authorEmail>
    <authorUrl>pauldelbar.com</authorUrl>
    <version>Dawn</version>
    <description>one|content is a rich content display and management component</description>

    <files folder="site">
        <filename>index.html</filename>
        <filename>one.php</filename>
        <filename>router.php</filename>
        <filename>dispatcher.php</filename>
        <folder>controller</folder>
        <folder>fields</folder>
        <folder>views</folder>
    </files>

    <administration>
        <menu>one|content</menu>
        <files folder="admin">
            <filename>index.html</filename>
            <filename>config.xml</filename>
            <filename>controller.php</filename>
            <filename>one.php</filename>
            <folder>controllers</folder>
            <folder>helpers</folder>
            <folder>models</folder>
            <folder>tables</folder>
            <folder>views</folder>
        </files>

        <languages>
            <language tag="en-GB">language/en-GB/en-GB.com_one.sys.ini</language>
        </languages>

    </administration>

</extension>